tasks_n,versions_v,events_e,database_bytes,strategy,median_ms,min_ms,p95_ms,samples,repetitions_per_sample,row_count,result_sha256
1,1,1,32768,group_max,0.00416975,0.004061009,0.0042417,7,1000,1,8eded549778332c7edf886c84feb9b102648f3eaded5bc1076701de34cc4b64d
1,1,1,32768,loose_scan,0.005019996,0.004998936,0.005076677,7,1000,1,8eded549778332c7edf886c84feb9b102648f3eaded5bc1076701de34cc4b64d
1,10,10,32768,group_max,0.003397165,0.003372335,0.003512305,7,1000,1,6ea3e51b2fe8192d81b7b6b2ed570b649b476134d4b89eaaf23bc2c1b15e7c2b
1,10,10,32768,loose_scan,0.00416342,0.003932848,0.004969236,7,1000,1,6ea3e51b2fe8192d81b7b6b2ed570b649b476134d4b89eaaf23bc2c1b15e7c2b
1,100,100,77824,group_max,0.008055038,0.007903427,0.008106008,7,1000,1,ca5579905237359f68cd1faf51287b1e05a9cdefe47220888cf3583e52416d0f
1,100,100,77824,loose_scan,0.00418183,0.00411892,0.004252091,7,1000,1,ca5579905237359f68cd1faf51287b1e05a9cdefe47220888cf3583e52416d0f
1,1000,1000,499712,group_max,0.051967474,0.051504331,0.052875291,7,1000,1,635fad4c86b36f968141bdcf1681a78c9d60d871f8336fc59283164cb080d239
1,1000,1000,499712,loose_scan,0.00416561,0.00413683,0.0042214900000000005,7,1000,1,635fad4c86b36f968141bdcf1681a78c9d60d871f8336fc59283164cb080d239
10,1,10,32768,group_max,0.011001129,0.010943069,0.01109472,7,1000,10,755b13b063f7cadfe89ac2ec01869d71cc3f4568e5af8bcd1376c86ebf2ed5ae
10,1,10,32768,loose_scan,0.014399004,0.014338793,0.014444084,7,1000,10,755b13b063f7cadfe89ac2ec01869d71cc3f4568e5af8bcd1376c86ebf2ed5ae
10,10,100,77824,group_max,0.017276205,0.017007891999999997,0.017706437999999998,7,1000,10,57f945819f10a326821c19d19317228c2f3bf2cceb5a507ff9a5499402d8b720
10,10,100,77824,loose_scan,0.016203907,0.016112116,0.016249767,7,1000,10,57f945819f10a326821c19d19317228c2f3bf2cceb5a507ff9a5499402d8b720
10,100,1000,430080,group_max,0.062830583,0.06253091100000001,0.063200646,7,1000,10,6d39e393fceaa07a49423565d8b69d90aee15b358cb6315e9fccfd4fd17eee11
10,100,1000,430080,loose_scan,0.0166164,0.016486469,0.016727101,7,1000,10,6d39e393fceaa07a49423565d8b69d90aee15b358cb6315e9fccfd4fd17eee11
10,1000,10000,4800512,group_max,0.518694,0.5160573289473684,0.5273413684210526,7,152,10,9ad85d89da5ac653d9c73ecdfb19a80e0b21718b8aab2ade90860a269cc7e5c2
10,1000,10000,4800512,loose_scan,0.017066703,0.016959151999999998,0.018288572,7,1000,10,9ad85d89da5ac653d9c73ecdfb19a80e0b21718b8aab2ade90860a269cc7e5c2
100,1,100,77824,group_max,0.09456215401785714,0.09430097879464286,0.09597435267857143,7,896,100,73f20f1fcfa02f9a874923257c6629ad8d09e5f2d292f79ec03721d498390886
100,1,100,77824,loose_scan,0.12858522602739728,0.1282135383561644,0.12934456027397262,7,730,100,73f20f1fcfa02f9a874923257c6629ad8d09e5f2d292f79ec03721d498390886
100,10,1000,438272,group_max,0.15307686328725037,0.15163273579109063,0.1539782688172043,7,651,100,2d9466f90bb1c10ce3807e8bcbcfffebe8dbaa276e53dbf1b86c5becea7a6b82
100,10,1000,438272,loose_scan,0.14311222094691536,0.1424359612625538,0.14429395265423242,7,697,100,2d9466f90bb1c10ce3807e8bcbcfffebe8dbaa276e53dbf1b86c5becea7a6b82
100,100,10000,4149248,group_max,0.6239851974522294,0.6191146560509554,0.6270442611464968,7,157,100,6aee251297ddff5d09edc9018eec5051f96e407f176318ab734594a32542c1df
100,100,10000,4149248,loose_scan,0.15058615217391302,0.14859989966555184,0.15124916555183945,7,598,100,6aee251297ddff5d09edc9018eec5051f96e407f176318ab734594a32542c1df
100,1000,100000,48005120,group_max,9.3683865,9.169175,9.7676523,7,10,100,152fb7cc3863a68341cdea0e9a795628a463f9c3efca9598e96059d763a2c5ad
100,1000,100000,48005120,loose_scan,0.15572778756476682,0.15498802417962004,0.15800127633851468,7,579,100,152fb7cc3863a68341cdea0e9a795628a463f9c3efca9598e96059d763a2c5ad
1000,1,1000,417792,group_max,0.9843630777777778,0.982794511111111,0.9951173888888889,7,90,1000,4a3f4fab8f7dae9b831ba9d938dfd3c3d44a0bcaec32e0e319c8781781445b45
1000,1,1000,417792,loose_scan,1.3390352328767123,1.3328279452054794,1.3628589726027396,7,73,1000,4a3f4fab8f7dae9b831ba9d938dfd3c3d44a0bcaec32e0e319c8781781445b45
1000,10,10000,4091904,group_max,1.5996810625,1.569600046875,1.6119825625,7,64,1000,de75f290f678f0ff57417698ee367b9e3e73db4f0fb1b0a2f1401e79389c270c
1000,10,10000,4091904,loose_scan,1.5810200303030304,1.574581318181818,1.5843900303030303,7,66,1000,de75f290f678f0ff57417698ee367b9e3e73db4f0fb1b0a2f1401e79389c270c
1000,100,100000,41795584,group_max,9.411098636363636,9.343440090909091,9.829185272727273,7,11,1000,ff07a1ab6e440aecab9560abbb28f2f9935c60a05a5e34fdd9639dac039db7ee
1000,100,100000,41795584,loose_scan,3.9151051153846153,3.867802076923077,4.151792576923077,7,26,1000,ff07a1ab6e440aecab9560abbb28f2f9935c60a05a5e34fdd9639dac039db7ee
1000,1000,1000000,483700736,group_max,102.114374,100.835185,105.70952,7,1,1000,71df7f7c7937c03e6feaf3f4cb92cd2b658772ee3cdd0ca12a6a6bbc66feef9a
1000,1000,1000000,483700736,loose_scan,4.6743561,4.60671215,4.92266045,7,20,1000,71df7f7c7937c03e6feaf3f4cb92cd2b658772ee3cdd0ca12a6a6bbc66feef9a
10000,1,10000,3973120,group_max,12.605499428571429,12.516295999999999,14.511788999999998,7,7,10000,2924a14b9c25b18c6c24b3252d9f74535096dddfbb194f2168eff74e1d4527ae
10000,1,10000,3973120,loose_scan,16.877451285714287,16.47460985714286,17.766866714285715,7,7,10000,2924a14b9c25b18c6c24b3252d9f74535096dddfbb194f2168eff74e1d4527ae
10000,10,100000,41390080,group_max,27.00084975,26.64726225,29.217363,7,4,10000,aba82541aabaa41beb13463831faf4d5b1dc63a5d29eaedef7b45d21296682f9
10000,10,100000,41390080,loose_scan,27.200656,26.62151675,30.0454815,7,4,10000,aba82541aabaa41beb13463831faf4d5b1dc63a5d29eaedef7b45d21296682f9
10000,100,1000000,420028416,group_max,109.815502,108.458612,113.411357,7,1,10000,9342108991d6dc5a3cd44e888a0ad27369bab3281d357a168dba7262451071fe
10000,100,1000000,420028416,loose_scan,52.6620695,51.276674,53.1996935,7,2,10000,9342108991d6dc5a3cd44e888a0ad27369bab3281d357a168dba7262451071fe
10000,1000,10000000,4859416576,group_max,1068.292564,1064.499016,1070.522508,7,1,10000,772d0f9c860ffbd956e610ff7fe18609332bb331666e5075a6360ac620e41662
10000,1000,10000000,4859416576,loose_scan,64.4500695,63.4556975,65.84912,7,2,10000,772d0f9c860ffbd956e610ff7fe18609332bb331666e5075a6360ac620e41662
